empId,name,age,gender,phone,skills,category,latitude,longitude,availability
EMP001,Tarun Patel,49,M,9132272086,"student support, job support, mentoring, entrepreneurship, curriculum planning","Livelihood, Education",17.370921,78.629141,free
EMP002,Sunil Rao,25,F,9464555958,"mentoring, training, teaching, skill development, microfinance","Livelihood, Disaster, Education",17.324061,78.610992,free
EMP003,Reyansh Das,35,M,9057606240,"material handling, water supply, water testing, shelter setup","Shelter, Water",17.463964,78.573,free
EMP004,Amit Pillai,27,F,9162540586,"supply chain, job support, skill development, cooking","Livelihood, Food",17.549257,78.319481,free
EMP005,Deepak Joshi,34,F,9908138270,"nutrition planning, packaging, maintenance, site inspection","Infrastructure, Food",17.564302,78.553609,free
EMP006,Amit Yadav,23,F,9850980697,"entrepreneurship, skill development, medical, training","Livelihood, Education, Health",17.380083,78.259147,free
EMP007,Sunil Singh,23,F,9864109043,"disinfection, hygiene training, cleaning, waste management",Sanitation,17.454417,78.247683,free
EMP008,Sneha Naidu,44,F,9277290004,"waste management, hygiene training, nursing, search operations","Health, Sanitation, Disaster",17.599366,78.678546,free
EMP009,Anika Nair,41,F,9424807094,"waste management, disinfection, hygiene training",Sanitation,17.363225,78.212115,free
EMP010,Nikhil Kapoor,26,M,9544440047,"nursing, medical, packaging, food distribution","Health, Food",17.305241,78.446064,free
EMP011,Sai Yadav,30,F,9004890877,"training, nursing, student support, medical","Education, Infrastructure, Health",17.463675,78.646789,free
EMP012,Sunil Iyer,24,M,9137595556,"water testing, distribution, mentoring, water supply, curriculum planning","Water, Education, Disaster",17.337292,78.631791,free
EMP013,Ira Naidu,31,M,9758398465,"hygiene training, curriculum planning, teaching","Education, Sanitation, Water",17.508342,78.367881,free
EMP014,Harsha Gupta,20,F,9524012998,"site inspection, microfinance, electrical, job support","Infrastructure, Livelihood",17.425139,78.366964,free
EMP015,Pooja Naidu,31,M,9556549645,"site planning, construction, material handling, shelter setup",Shelter,17.227384,78.217645,free
EMP016,Nikhil Kumar,50,M,9240250181,"nutrition planning, distribution, site planning, supply chain","Food, Shelter, Water",17.246382,78.279412,free
EMP017,Amit Iyer,43,F,9860362410,"maintenance, site inspection, repair",Infrastructure,17.305724,78.467211,free
EMP018,Diya Reddy,25,F,9336357610,"hygiene training, sanitation support, material handling","Shelter, Food, Sanitation",17.302456,78.692033,free
EMP019,Ira Agarwal,42,F,9973373013,"emergency response, rescue, crisis management, search operations, evacuation",Disaster,17.510108,78.448293,free
EMP020,Praveen Rao,32,F,9530896441,"medical, nursing, shelter setup","Shelter, Health",17.565316,78.603392,free
EMP021,Ananya Rao,36,F,9235376316,"triage, microfinance, entrepreneurship, nursing, patient care","Health, Livelihood",17.307389,78.202253,free
EMP022,Krishna Reddy,23,M,9432400524,"skill development, training, microfinance, entrepreneurship, job support",Livelihood,17.523072,78.30224,free
EMP023,Harsha Verma,34,M,9549158299,"water supply, cleaning, waste management, sanitation support, plumbing","Sanitation, Disaster, Water",17.306899,78.585655,free
EMP024,Saanvi Verma,47,M,9316876170,"search operations, evacuation, emergency response, mentoring, job support","Disaster, Livelihood, Education",17.382461,78.520599,free
EMP025,Sara Reddy,27,M,9846968714,"medical, first aid, patient care",Health,17.37155,78.203396,free
EMP026,Suresh Bansal,47,F,9210730860,"teaching, triage, training","Health, Education",17.444531,78.682103,free
EMP027,Vivaan Naidu,29,M,9988137031,"patient care, construction, sanitation support, hygiene training","Health, Sanitation, Shelter",17.521549,78.521037,free
EMP028,Vihaan Kapoor,49,F,9735284792,"water supply, construction, electrical, logistics, plumbing","Infrastructure, Water",17.469665,78.462838,free
EMP029,Arjun Sharma,48,M,9189766937,"material handling, construction, site planning, distribution","Water, Shelter",17.432017,78.511445,free
EMP030,Lokesh Sharma,37,F,9734034237,"shelter setup, site planning, construction, material handling",Shelter,17.39446,78.485286,free
EMP031,Sneha Kapoor,30,M,9158154062,"food distribution, packaging, supply chain, nutrition planning",Food,17.519732,78.620097,free
EMP032,Shaurya Nair,37,F,9307847753,"logistics, disinfection, entrepreneurship, plumbing","Sanitation, Livelihood, Water",17.353114,78.477336,free
EMP033,Reyansh Patel,21,F,9470053783,"food distribution, logistics, supply chain","Water, Food",17.242806,78.265884,free
EMP034,Ananya Yadav,35,M,9211522672,"crisis management, cleaning, hygiene training, evacuation","Disaster, Sanitation",17.593521,78.298336,free
EMP035,Pooja Joshi,46,M,9509747371,"nursing, triage, medical, patient care, first aid",Health,17.559112,78.6136,free
EMP036,Riya Verma,50,F,9769451768,"waste management, material handling, site planning, shelter setup, cleaning","Sanitation, Shelter",17.243545,78.5818,free
EMP037,Anika Iyer,30,M,9568944051,"skill development, entrepreneurship, microfinance, training, job support",Livelihood,17.270694,78.518932,free
EMP038,Lokesh Verma,28,M,9501703045,"curriculum planning, training, student support",Education,17.232384,78.250392,free
EMP039,Krishna Gupta,22,M,9913022056,"crisis management, search operations, evacuation, rescue",Disaster,17.309155,78.421244,free
EMP040,Aarav Naidu,33,F,9337514600,"packaging, skill development, microfinance, disinfection, cleaning","Livelihood, Sanitation, Food",17.351081,78.447398,free
EMP041,Kiran Naidu,36,M,9734029888,"medical, triage, entrepreneurship, evacuation","Health, Livelihood, Disaster",17.463743,78.58252,free
EMP042,Shaurya Das,39,F,9910030215,"repair, distribution, construction, patient care, medical","Infrastructure, Water, Health",17.315468,78.493555,free
EMP043,Myra Patel,44,F,9171551479,"supply chain, construction, maintenance","Infrastructure, Food, Health",17.256232,78.209882,free
EMP044,Sunil Sharma,50,M,9823023715,"rescue, electrical, crisis management, emergency response, search operations","Disaster, Infrastructure",17.287612,78.35817,free
EMP045,Riya Yadav,29,M,9166386663,"construction, logistics, site planning, shelter setup",Shelter,17.558143,78.207875,free
EMP046,Suresh Pillai,28,F,9541520795,"nutrition planning, evacuation, food distribution, crisis management, cooking","Food, Disaster",17.578002,78.50642,free
EMP047,Sunil Patel,41,M,9566359638,"nursing, medical, first aid, entrepreneurship, training","Livelihood, Health",17.422792,78.335984,free
EMP048,Anika Verma,47,F,9027327489,"curriculum planning, nursing, triage, job support","Education, Health, Livelihood",17.289632,78.677178,free
EMP049,Aditya Rao,48,F,9640589643,"emergency response, rescue, evacuation, search operations, crisis management",Disaster,17.323374,78.519413,free
EMP050,Sara Joshi,41,M,9271527676,"distribution, rescue, logistics, emergency response, supply chain","Food, Water, Disaster",17.4715,78.345766,free
EMP051,Vikram Sharma,33,M,9932198581,"site inspection, disinfection, sanitation support, maintenance, packaging","Sanitation, Infrastructure, Food",17.497525,78.573001,free
EMP052,Myra Nair,38,F,9819931422,"cooking, supply chain, patient care, nursing, medical","Health, Food",17.43667,78.359747,free
EMP053,Vihaan Nair,43,F,9023827260,"evacuation, shelter setup, hygiene training","Sanitation, Disaster, Shelter",17.315824,78.619468,free
EMP054,Divya Rao,36,M,9270965710,"site inspection, construction, maintenance, repair",Infrastructure,17.218466,78.270985,free
EMP055,Harsha Nair,37,F,9648610678,"microfinance, entrepreneurship, job support, skill development, training",Livelihood,17.556171,78.608718,free
EMP056,Ira Kapoor,45,M,9326190475,"construction, job support, microfinance","Health, Livelihood, Infrastructure",17.240129,78.383755,free
EMP057,Sara Pillai,21,F,9887995023,"maintenance, water supply, logistics, repair","Water, Infrastructure",17.503452,78.354229,free
EMP058,Meena Bansal,26,F,9846370996,"hygiene training, cleaning, training, teaching, student support","Education, Sanitation",17.309434,78.644663,free
EMP059,Diya Gupta,25,M,9908044665,"logistics, water supply, plumbing",Water,17.208602,78.643933,free
EMP060,Arjun Reddy,23,F,9890402047,"evacuation, construction, rescue, logistics, emergency response","Shelter, Disaster",17.270667,78.575405,free
EMP061,Ira Iyer,21,F,9389797601,"logistics, mentoring, crisis management, curriculum planning","Education, Disaster, Water",17.224912,78.660452,free
EMP062,Harsha Pillai,22,M,9332048502,"rescue, waste management, electrical, disinfection, search operations","Infrastructure, Sanitation, Disaster",17.210858,78.346227,free
EMP063,Suresh Naidu,38,M,9705874588,"first aid, training, mentoring","Health, Education",17.435779,78.649665,free
EMP064,Kiran Joshi,32,M,9596118929,"entrepreneurship, medical, construction, logistics","Health, Shelter, Livelihood",17.306031,78.627667,free
EMP065,Sneha Das,34,F,9309044913,"hygiene training, waste management, sanitation support, disinfection",Sanitation,17.58342,78.387318,free
EMP066,Neha Iyer,48,M,9505132796,"training, mentoring, teaching, student support, curriculum planning",Education,17.445675,78.552748,free
EMP067,Lokesh Patel,35,F,9027616705,"job support, mentoring, microfinance","Livelihood, Disaster, Education",17.474807,78.500827,free
EMP068,Priya Kapoor,50,M,9442504601,"food distribution, microfinance, packaging, nutrition planning","Livelihood, Food",17.406385,78.473202,free
EMP069,Rahul Verma,41,F,9212814073,"logistics, construction, material handling",Shelter,17.323037,78.537342,free
EMP070,Aadhya Joshi,21,M,9856762230,"packaging, search operations, rescue","Food, Livelihood, Disaster",17.539054,78.266715,free
EMP071,Saanvi Kumar,50,F,9883450407,"food distribution, shelter setup, construction, cooking","Food, Shelter",17.301006,78.481568,free
EMP072,Ira Kumar,32,F,9730581744,"material handling, construction, shelter setup, site planning",Shelter,17.294278,78.370191,free
EMP073,Suresh Kumar,28,M,9524032569,"repair, hygiene training, waste management","Infrastructure, Education, Sanitation",17.542648,78.632739,free
EMP074,Aditya Patel,48,M,9539053286,"triage, nursing, evacuation","Health, Disaster, Sanitation",17.328375,78.452289,free
EMP075,Rohit Iyer,36,F,9227586665,"distribution, site planning, training","Livelihood, Shelter, Water",17.212606,78.240337,free
EMP076,Vikram Iyer,37,F,9740176896,"disinfection, cleaning, waste management, sanitation support",Sanitation,17.534715,78.634516,free
EMP077,Divya Agarwal,45,F,9651212926,"skill development, material handling, shelter setup, construction","Sanitation, Livelihood, Shelter",17.229365,78.270166,free
EMP078,Aadhya Kumar,44,F,9084310553,"packaging, supply chain, training, curriculum planning","Education, Food",17.212535,78.312291,free
EMP079,Diya Sharma,22,F,9003007134,"cooking, packaging, microfinance","Livelihood, Food",17.347417,78.585377,free
EMP080,Sneha Singh,33,F,9321840273,"packaging, cleaning, cooking","Food, Sanitation",17.27921,78.374801,free
EMP081,Deepak Naidu,45,M,9686350080,"construction, mentoring, site inspection, electrical","Education, Infrastructure, Food",17.249834,78.608962,free
EMP082,Anika Gupta,44,F,9593402310,"first aid, patient care, medical","Sanitation, Health",17.552367,78.435265,free
EMP083,Amit Choudhary,33,F,9466700741,"mentoring, student support, training, teaching, curriculum planning",Education,17.45374,78.45561,free
EMP084,Vivaan Mehta,27,M,9588836383,"nursing, microfinance, maintenance, site inspection","Livelihood, Infrastructure, Health",17.421992,78.666532,free
EMP085,Neha Mehta,32,M,9773914027,"site planning, logistics, sanitation support, waste management","Sanitation, Shelter",17.442375,78.674235,free
EMP086,Kavya Verma,34,M,9160074789,"evacuation, medical, emergency response, nursing","Health, Disaster",17.539044,78.359604,free
EMP087,Aarav Bansal,45,M,9401385862,"site planning, logistics, packaging, shelter setup, construction","Food, Shelter",17.25437,78.470944,free
EMP088,Ishaan Choudhary,23,M,9609688997,"job support, entrepreneurship, skill development, site planning","Food, Shelter, Livelihood",17.334221,78.527006,free
EMP089,Sai Patel,33,F,9770426379,"plumbing, water supply, curriculum planning","Water, Education, Livelihood",17.486025,78.407238,free
EMP090,Praveen Kapoor,44,M,9392574709,"distribution, site planning, water testing, material handling, logistics","Water, Shelter",17.465872,78.601423,free
EMP091,Diya Verma,28,M,9449291994,"construction, shelter setup, student support, teaching","Shelter, Infrastructure, Education",17.532067,78.397717,free
EMP092,Varun Singh,34,F,9371367513,"site inspection, distribution, entrepreneurship, electrical, training","Water, Infrastructure, Livelihood",17.561273,78.272259,free
EMP093,Sai Kumar,32,M,9165415405,"first aid, medical, triage, nursing, patient care",Health,17.459462,78.334578,free
EMP094,Lokesh Reddy,46,M,9246142966,"teaching, student support, training, mentoring, curriculum planning",Education,17.328189,78.336775,free
EMP095,Tarun Das,21,M,9273554844,"maintenance, electrical, evacuation","Infrastructure, Disaster, Education",17.301754,78.510833,free
EMP096,Praveen Verma,50,F,9703031761,"hygiene training, disinfection, cleaning, sanitation support",Sanitation,17.32554,78.530073,free
EMP097,Deepak Verma,45,F,9025357339,"shelter setup, site planning, logistics","Sanitation, Livelihood, Shelter",17.319708,78.217353,free
EMP098,Nikhil Reddy,25,M,9023108682,"cooking, supply chain, nutrition planning","Food, Water, Infrastructure",17.293056,78.221841,free
EMP099,Myra Rao,31,M,9354118045,"triage, student support, teaching, medical, nutrition planning","Health, Food, Education",17.374205,78.643753,free
EMP100,Sunil Choudhary,33,M,9154377828,"construction, site inspection, electrical",Infrastructure,17.250983,78.514704,free
EMP101,Vikram Patel,24,F,9572179663,"material handling, search operations, crisis management, emergency response","Shelter, Disaster",17.584562,78.527896,free
EMP102,Nikhil Bansal,42,F,9997615764,"construction, electrical, site inspection",Infrastructure,17.574861,78.444224,free
EMP103,Meena Sharma,27,F,9845359781,"site planning, curriculum planning, medical, shelter setup","Shelter, Health, Education",17.255846,78.283733,free
EMP104,Lokesh Mehta,38,M,9662423827,"distribution, student support, water testing","Education, Water",17.377847,78.536744,free
EMP105,Nikhil Pillai,36,F,9212993348,"electrical, maintenance, repair, site inspection",Infrastructure,17.321474,78.605113,free
EMP106,Arjun Das,36,M,9134018014,"site planning, logistics, shelter setup, construction, material handling",Shelter,17.443218,78.420092,free
EMP107,Meena Pillai,38,M,9034200350,"construction, logistics, material handling",Shelter,17.239604,78.306206,free
EMP108,Arjun Yadav,29,M,9122311532,"material handling, construction, shelter setup, food distribution, site planning","Shelter, Food",17.256843,78.480418,free
EMP109,Sara Rao,28,M,9507655599,"microfinance, entrepreneurship, training",Livelihood,17.372257,78.384038,free
EMP110,Vikram Naidu,47,M,9143139635,"distribution, patient care, medical, first aid, triage","Water, Health",17.574629,78.651455,free
EMP111,Harsha Iyer,28,M,9163730543,"waste management, sanitation support, disinfection, hygiene training",Sanitation,17.29552,78.233921,free
EMP112,Amit Joshi,35,F,9897354302,"logistics, distribution, microfinance","Water, Livelihood",17.477034,78.20028,free
EMP113,Rohit Yadav,30,M,9352679591,"logistics, plumbing, water supply, waste management","Water, Sanitation, Livelihood",17.40258,78.613021,free
EMP114,Harsha Yadav,24,F,9462495857,"construction, water testing, shelter setup, maintenance, site planning","Water, Shelter, Infrastructure",17.597382,78.428206,free
EMP115,Lokesh Pillai,42,F,9072780735,"patient care, plumbing, training","Education, Water, Health",17.319631,78.65283,free
EMP116,Deepak Nair,28,M,9274764677,"training, teaching, mentoring, student support","Shelter, Education",17.454579,78.338557,free
EMP117,Ishaan Mehta,40,M,9866996813,"training, skill development, entrepreneurship, job support",Livelihood,17.29395,78.679855,free
EMP118,Aarav Pillai,37,M,9457374081,"shelter setup, logistics, site planning, material handling, construction",Shelter,17.410545,78.653035,free
EMP119,Sneha Reddy,21,F,9681516217,"repair, electrical, construction, site inspection",Infrastructure,17.491427,78.251839,free
EMP120,Rahul Nair,39,F,9324108166,"search operations, crisis management, cooking, food distribution, supply chain","Disaster, Food",17.214188,78.610662,free
EMP121,Reyansh Choudhary,41,F,9436267647,"packaging, construction, emergency response, supply chain, repair","Disaster, Food, Infrastructure",17.266597,78.616879,free
EMP122,Divya Mehta,49,F,9858595611,"maintenance, supply chain, construction, packaging","Infrastructure, Food",17.558746,78.674102,free
EMP123,Reyansh Verma,48,F,9926757994,"disinfection, supply chain, sanitation support, waste management","Food, Livelihood, Sanitation",17.262316,78.458177,free
EMP124,Vikram Bansal,26,F,9402782706,"rescue, crisis management, emergency response, evacuation",Disaster,17.295156,78.262972,free
EMP125,Praveen Singh,44,M,9017719419,"medical, triage, packaging, supply chain, first aid","Food, Health",17.521898,78.274936,free
EMP126,Ishaan Nair,41,F,9303192710,"triage, emergency response, nursing","Disaster, Food, Health",17.400187,78.375458,free
EMP127,Vikram Agarwal,36,M,9104359673,"entrepreneurship, microfinance, job support, skill development",Livelihood,17.415179,78.424046,free
EMP128,Sai Kapoor,35,M,9534657016,"training, teaching, nutrition planning, maintenance, site inspection","Food, Infrastructure, Education",17.557426,78.202896,free
EMP129,Sara Kumar,20,F,9789299618,"construction, site inspection, repair, electrical",Infrastructure,17.383337,78.520519,free
EMP130,Sai Mehta,24,M,9553126019,"cooking, repair, site inspection, supply chain, food distribution","Food, Infrastructure",17.347933,78.696782,free
EMP131,Rohit Sharma,21,F,9437295803,"disinfection, cleaning, sanitation support, hygiene training, waste management",Sanitation,17.491553,78.554965,free
EMP132,Aadhya Iyer,32,M,9036368713,"electrical, emergency response, repair, evacuation, rescue","Disaster, Infrastructure",17.486089,78.468133,free
EMP133,Praveen Pillai,24,F,9778984321,"logistics, teaching, cleaning, water supply","Education, Water, Sanitation",17.301533,78.58886,free
EMP134,Diya Patel,40,M,9157281039,"patient care, food distribution, repair","Food, Infrastructure, Health",17.205108,78.51194,free
EMP135,Sara Bansal,43,F,9091629312,"teaching, supply chain, job support, cooking, skill development","Food, Education, Livelihood",17.524663,78.374287,free
EMP136,Myra Bansal,47,F,9120416243,"mentoring, training, student support, curriculum planning",Education,17.208612,78.53518,free
EMP137,Kiran Iyer,49,F,9334821263,"crisis management, entrepreneurship, microfinance, supply chain","Livelihood, Disaster, Food",17.511144,78.203838,free
EMP138,Krishna Naidu,45,M,9037016381,"emergency response, evacuation, crisis management, first aid","Shelter, Disaster, Health",17.209314,78.335237,free
EMP139,Tarun Singh,38,M,9574680434,"emergency response, maintenance, construction, rescue, repair","Infrastructure, Disaster",17.571627,78.500103,free
EMP140,Amit Reddy,46,F,9014129796,"plumbing, logistics, search operations, crisis management, emergency response","Water, Disaster",17.311122,78.325527,free
EMP141,Riya Singh,23,F,9311652211,"teaching, student support, mentoring, curriculum planning, training",Education,17.334705,78.487987,free
EMP142,Ira Bansal,24,M,9024878512,"cleaning, sanitation support, hygiene training, waste management, disinfection",Sanitation,17.491908,78.588351,free
EMP143,Vivaan Joshi,28,F,9695479878,"nutrition planning, cooking, packaging, supply chain",Food,17.441506,78.372567,free
EMP144,Amit Kumar,35,F,9109524615,"water supply, plumbing, logistics, water testing, distribution",Water,17.41751,78.213896,free
EMP145,Anika Pillai,37,F,9734411468,"medical, patient care, triage, first aid",Health,17.227206,78.523921,free
EMP146,Vihaan Iyer,46,F,9061444527,"evacuation, crisis management, search operations, rescue",Disaster,17.306439,78.480861,free
EMP147,Meena Rao,37,F,9212637495,"site planning, site inspection, construction, logistics","Shelter, Infrastructure",17.54918,78.492596,free
EMP148,Saanvi Singh,47,F,9935903508,"emergency response, cooking, plumbing, rescue","Food, Disaster, Water",17.586864,78.627672,free
EMP149,Sneha Iyer,41,F,9484075835,"waste management, site inspection, mentoring","Infrastructure, Sanitation, Education",17.445764,78.678545,free
EMP150,Lokesh Das,50,M,9280366463,"entrepreneurship, job support, skill development, microfinance, training",Livelihood,17.285081,78.69846,free
EMP151,Anika Choudhary,22,M,9164557369,"entrepreneurship, logistics, site planning, shelter setup","Shelter, Livelihood",17.416776,78.668236,free
EMP152,Kiran Pillai,37,M,9001540534,"student support, construction, search operations, evacuation, logistics","Education, Disaster, Shelter",17.461763,78.277984,free
EMP153,Diya Nair,43,M,9018673078,"nutrition planning, job support, maintenance, site inspection","Infrastructure, Livelihood, Food",17.431097,78.452023,free
EMP154,Varun Patel,21,M,9614701518,"entrepreneurship, curriculum planning, training, shelter setup, skill development","Shelter, Education, Livelihood",17.38414,78.642263,free
EMP155,Diya Kapoor,25,M,9463992490,"water testing, entrepreneurship, water supply, distribution, logistics","Livelihood, Water",17.297008,78.236507,free
EMP156,Nikhil Rao,28,F,9057592502,"food distribution, search operations, crisis management","Disaster, Food",17.524345,78.575412,free
EMP157,Priya Patel,30,M,9483558274,"training, logistics, microfinance, skill development","Water, Livelihood",17.216216,78.331782,free
EMP158,Neha Naidu,45,F,9128985643,"maintenance, site inspection, electrical",Infrastructure,17.44276,78.562095,free
EMP159,Vivaan Verma,38,M,9383678460,"hygiene training, cleaning, disinfection, waste management",Sanitation,17.438465,78.470745,free
EMP160,Priya Gupta,32,M,9408033028,"training, site inspection, maintenance, teaching","Education, Infrastructure",17.212528,78.36388,free
EMP161,Sneha Sharma,34,F,9586722493,"teaching, student support, curriculum planning, training",Education,17.592129,78.519982,free
EMP162,Harsha Bansal,44,F,9734457624,"nursing, microfinance, job support, first aid","Health, Livelihood",17.494822,78.535373,free
EMP163,Amit Das,38,M,9618249400,"repair, electrical, site inspection",Infrastructure,17.459286,78.445303,free
EMP164,Anika Kumar,35,M,9939784306,"packaging, curriculum planning, training, cooking","Education, Livelihood, Food",17.366909,78.436781,free
EMP165,Neha Verma,34,M,9630292647,"hygiene training, plumbing, first aid, water supply","Water, Health, Sanitation",17.532517,78.680847,free
EMP166,Harsha Agarwal,45,M,9574316065,"skill development, electrical, site planning","Livelihood, Shelter, Infrastructure",17.595097,78.206459,free
EMP167,Aditya Naidu,35,M,9407812678,"teaching, mentoring, curriculum planning","Education, Infrastructure",17.556894,78.377385,free
EMP168,Arjun Singh,50,F,9911990111,"site inspection, job support, microfinance","Livelihood, Infrastructure",17.327412,78.556678,free
EMP169,Ishaan Joshi,48,F,9768051839,"job support, evacuation, rescue, crisis management","Disaster, Livelihood",17.568238,78.285969,free
EMP170,Varun Kapoor,47,F,9799373849,"curriculum planning, training, nutrition planning, mentoring, logistics","Food, Water, Education",17.556852,78.527551,free
EMP171,Sara Patel,21,F,9326170012,"plumbing, construction, repair","Infrastructure, Water",17.231108,78.459122,free
EMP172,Rohit Patel,38,F,9329024694,"waste management, cooking, packaging, food distribution","Food, Sanitation",17.275297,78.513229,free
EMP173,Vihaan Gupta,38,M,9454896409,"construction, site inspection, electrical, maintenance",Infrastructure,17.23561,78.561472,free
EMP174,Anika Mehta,38,M,9928972298,"rescue, repair, construction","Disaster, Infrastructure",17.559461,78.356615,free
EMP175,Deepak Reddy,31,M,9846798144,"sanitation support, cleaning, disinfection, waste management, hygiene training",Sanitation,17.518767,78.242584,free
EMP176,Aarav Joshi,50,F,9899776035,"electrical, repair, construction, site inspection",Infrastructure,17.314084,78.246345,free
EMP177,Suresh Das,49,F,9037383675,"job support, microfinance, skill development, training, curriculum planning","Infrastructure, Education, Livelihood",17.341508,78.379394,free
EMP178,Arjun Kumar,30,M,9072359843,"cooking, nutrition planning, packaging, food distribution",Food,17.242338,78.592625,free
EMP179,Deepak Kumar,23,M,9424457977,"search operations, evacuation, electrical, crisis management, repair","Infrastructure, Disaster",17.59276,78.484019,free
EMP180,Aditya Singh,43,F,9804921603,"logistics, water supply, distribution, plumbing",Water,17.251359,78.302764,free
EMP181,Aarav Agarwal,35,M,9937804583,"curriculum planning, training, mentoring",Education,17.289885,78.615463,free
EMP182,Amit Verma,39,F,9768776923,"material handling, shelter setup, construction",Shelter,17.348278,78.407389,free
EMP183,Riya Iyer,38,M,9716679846,"nursing, medical, triage","Health, Infrastructure",17.406319,78.475632,free
EMP184,Vihaan Kumar,48,F,9523368408,"patient care, nursing, triage, medical, first aid",Health,17.493937,78.333395,free
EMP185,Pooja Das,47,M,9353355607,"construction, site planning, logistics, shelter setup",Shelter,17.592841,78.59678,free
EMP186,Divya Bansal,22,F,9497803617,"triage, nursing, medical","Infrastructure, Sanitation, Health",17.262284,78.426744,free
EMP187,Pooja Kapoor,50,F,9732252417,"water testing, sanitation support, cleaning, electrical","Infrastructure, Sanitation, Water",17.404921,78.436762,free
EMP188,Aditya Agarwal,32,F,9061053935,"patient care, triage, first aid",Health,17.451374,78.418374,free
EMP189,Vikram Mehta,29,F,9336020006,"electrical, search operations, rescue, emergency response","Infrastructure, Shelter, Disaster",17.528506,78.220963,free
EMP190,Deepak Agarwal,29,M,9732103071,"nutrition planning, triage, training","Education, Food, Health",17.58518,78.228005,free
EMP191,Tarun Rao,23,F,9357141595,"emergency response, nutrition planning, food distribution, supply chain, cooking","Food, Disaster",17.335024,78.69552,free
EMP192,Divya Choudhary,32,M,9536805057,"emergency response, evacuation, first aid, distribution","Water, Health, Disaster",17.538794,78.557209,free
EMP193,Nikhil Sharma,36,M,9107794674,"repair, site inspection, training, maintenance","Infrastructure, Education",17.471285,78.241536,free
EMP194,Ira Nair,49,F,9873144656,"sanitation support, maintenance, medical","Health, Sanitation, Infrastructure",17.596271,78.396511,free
EMP195,Aarav Verma,34,M,9159616615,"teaching, training, student support",Education,17.566486,78.650702,free
EMP196,Rohit Joshi,27,F,9692786126,"nursing, first aid, patient care, triage",Health,17.273288,78.420941,free
EMP197,Priya Bansal,24,M,9269039527,"hygiene training, disinfection, sanitation support","Sanitation, Water",17.368721,78.487621,free
EMP198,Pooja Kumar,47,M,9169232069,"job support, training, logistics, skill development","Livelihood, Water",17.340922,78.686421,free
EMP199,Rahul Agarwal,38,M,9222965158,"construction, nursing, first aid, patient care","Infrastructure, Health",17.503605,78.44157,free
EMP200,Krishna Sharma,37,F,9866669396,"first aid, crisis management, distribution, water supply, plumbing","Water, Health, Disaster",17.298474,78.401855,free
EMP201,Divya Joshi,49,F,9549005448,"site planning, plumbing, material handling, shelter setup, logistics","Shelter, Water",17.558631,78.316589,free
EMP202,Priya Pillai,46,M,9890523407,"triage, first aid, patient care, nursing",Health,17.275408,78.476702,free
EMP203,Shaurya Agarwal,36,F,9190450364,"training, student support, teaching, mentoring, curriculum planning",Education,17.41788,78.544921,free
EMP204,Sara Iyer,37,F,9473598124,"nutrition planning, food distribution, packaging, cooking",Food,17.309132,78.357663,free
EMP205,Priya Reddy,44,F,9362978178,"first aid, triage, waste management","Health, Shelter, Sanitation",17.532884,78.432897,free
EMP206,Varun Nair,35,M,9639798255,"first aid, medical, patient care",Health,17.24397,78.434319,free
EMP207,Aarav Iyer,20,M,9783232800,"supply chain, entrepreneurship, nutrition planning, job support","Livelihood, Food",17.531512,78.627336,free
EMP208,Anika Agarwal,35,F,9747775221,"shelter setup, construction, site planning, material handling",Shelter,17.589371,78.347029,free
EMP209,Neha Patel,28,F,9491396237,"packaging, disinfection, supply chain, nutrition planning","Infrastructure, Food, Sanitation",17.471826,78.414489,free
EMP210,Sunil Naidu,33,M,9555167070,"first aid, triage, patient care, nursing, medical",Health,17.458684,78.536447,free
EMP211,Vikram Verma,22,M,9608192369,"evacuation, entrepreneurship, training, emergency response, microfinance","Disaster, Livelihood",17.452929,78.662869,free
EMP212,Deepak Kapoor,21,F,9661204005,"waste management, training, skill development, cleaning","Livelihood, Disaster, Sanitation",17.237116,78.447549,free
EMP213,Aditya Iyer,25,M,9578865299,"site planning, construction, crisis management, evacuation, rescue","Shelter, Disaster",17.484252,78.448318,free
EMP214,Tarun Sharma,47,F,9449080807,"logistics, shelter setup, site planning, construction, material handling",Shelter,17.33266,78.678023,free
EMP215,Nikhil Iyer,20,F,9887070183,"material handling, construction, shelter setup, maintenance, entrepreneurship","Shelter, Livelihood, Infrastructure",17.58259,78.422179,free
EMP216,Krishna Agarwal,49,F,9050609599,"rescue, crisis management, emergency response, search operations","Disaster, Sanitation",17.323556,78.438022,free
EMP217,Vikram Yadav,32,F,9522264338,"logistics, site planning, construction, material handling","Shelter, Livelihood, Sanitation",17.529999,78.506702,free
EMP218,Praveen Naidu,42,F,9642230744,"logistics, medical, distribution, plumbing, water supply","Water, Health",17.594718,78.267406,free
EMP219,Varun Pillai,26,M,9148826448,"site planning, disinfection, waste management, hygiene training, sanitation support","Shelter, Sanitation",17.314463,78.397592,free
EMP220,Neha Das,49,M,9368584251,"mentoring, curriculum planning, training",Education,17.587792,78.479905,free
EMP221,Amit Agarwal,25,F,9546244953,"packaging, supply chain, nutrition planning, food distribution, cooking",Food,17.247108,78.282135,free
EMP222,Pooja Choudhary,48,M,9326646360,"disinfection, medical, waste management","Sanitation, Health",17.334727,78.578567,free
EMP223,Riya Kumar,48,M,9474382197,"curriculum planning, entrepreneurship, microfinance, student support, teaching","Education, Livelihood",17.249327,78.41773,free
EMP224,Aarav Gupta,48,F,9198762674,"curriculum planning, teaching, student support",Education,17.454634,78.281962,free
EMP225,Shaurya Naidu,26,F,9760019617,"crisis management, emergency response, mentoring, curriculum planning","Disaster, Education",17.572505,78.404918,free
EMP226,Meena Verma,37,F,9848970379,"electrical, distribution, repair, construction","Infrastructure, Education, Water",17.33789,78.461676,free
EMP227,Varun Bansal,28,M,9599939094,"hygiene training, medical, cleaning","Health, Sanitation, Food",17.51623,78.360842,free
EMP228,Sunil Bansal,28,F,9439744611,"hygiene training, waste management, sanitation support",Sanitation,17.308291,78.319118,free
EMP229,Rohit Pillai,35,F,9255492448,"repair, maintenance, construction, waste management","Infrastructure, Sanitation",17.324296,78.345133,free
EMP230,Aditya Kapoor,21,F,9840931853,"material handling, water supply, mentoring, construction, shelter setup","Water, Shelter, Education",17.592387,78.632966,free
EMP231,Tarun Gupta,35,F,9942393328,"student support, teaching, training, curriculum planning",Education,17.468079,78.438069,free
EMP232,Riya Agarwal,27,F,9683485139,"distribution, water supply, microfinance, construction","Livelihood, Water, Infrastructure",17.331422,78.311404,free
EMP233,Varun Sharma,25,M,9678561724,"distribution, water testing, water supply, plumbing, logistics",Water,17.590743,78.376959,free
EMP234,Kiran Agarwal,33,F,9186466725,"waste management, plumbing, logistics, maintenance, electrical","Water, Sanitation, Infrastructure",17.481963,78.457791,free
EMP235,Shaurya Verma,47,F,9135501941,"distribution, plumbing, water testing, water supply, logistics",Water,17.325053,78.252972,free
EMP236,Aditya Gupta,36,F,9937993533,"disinfection, hygiene training, construction, shelter setup","Shelter, Sanitation",17.550721,78.319764,free
EMP237,Priya Agarwal,24,F,9885467657,"cooking, nutrition planning, packaging, food distribution, supply chain",Food,17.221634,78.242863,free
EMP238,Sai Joshi,26,M,9659809606,"site planning, shelter setup, material handling, rescue","Livelihood, Shelter, Disaster",17.504861,78.414319,free
EMP239,Aadhya Mehta,45,F,9753684568,"search operations, site planning, cleaning, construction","Shelter, Sanitation, Disaster",17.529604,78.562988,free
EMP240,Sai Das,35,F,9134210357,"supply chain, site planning, food distribution, water supply, construction","Water, Food, Shelter",17.457914,78.378872,free
EMP241,Shaurya Kumar,40,F,9159076129,"water testing, logistics, material handling","Water, Shelter",17.267879,78.583048,free
EMP242,Suresh Sharma,27,F,9370303125,"construction, electrical, site inspection",Infrastructure,17.514341,78.469137,free
EMP243,Lokesh Nair,39,M,9628962606,"training, entrepreneurship, microfinance",Livelihood,17.38351,78.327857,free
EMP244,Sai Gupta,29,M,9270534036,"cleaning, hygiene training, disinfection",Sanitation,17.34938,78.376196,free
EMP245,Sara Naidu,48,M,9106531609,"microfinance, entrepreneurship, rescue, search operations","Disaster, Livelihood",17.588913,78.349056,free
EMP246,Amit Singh,35,F,9677793773,"logistics, supply chain, food distribution, cooking, construction","Food, Shelter, Education",17.504058,78.492307,free
EMP247,Sara Sharma,40,F,9004200379,"nursing, cleaning, first aid, triage, hygiene training","Health, Sanitation",17.433364,78.202803,free
EMP248,Diya Agarwal,26,F,9483901243,"electrical, site inspection, repair","Disaster, Shelter, Infrastructure",17.311451,78.530355,free
EMP249,Tarun Nair,32,M,9190619729,"sanitation support, search operations, cleaning, crisis management, training","Livelihood, Disaster, Sanitation",17.472498,78.626439,free
EMP250,Anika Kapoor,45,F,9561837589,"material handling, distribution, shelter setup, water testing","Water, Shelter",17.562013,78.481326,free
EMP251,Harsha Mehta,49,F,9335247555,"medical, waste management, nursing, triage","Livelihood, Sanitation, Health",17.469911,78.513922,free
EMP252,Anika Singh,46,F,9021004436,"maintenance, skill development, microfinance","Livelihood, Infrastructure",17.250309,78.364824,free
EMP253,Aarav Mehta,40,F,9568974813,"cleaning, electrical, disinfection, construction","Infrastructure, Livelihood, Sanitation",17.506486,78.632383,free
EMP254,Riya Reddy,31,F,9420578570,"hygiene training, cleaning, disinfection, waste management, sanitation support",Sanitation,17.213849,78.555667,free
EMP255,Tarun Joshi,25,M,9113137446,"skill development, teaching, waste management, mentoring","Sanitation, Education, Livelihood",17.257164,78.499707,free
EMP256,Shaurya Iyer,26,M,9670848839,"student support, teaching, mentoring, training, curriculum planning","Education, Disaster",17.551732,78.279354,free
EMP257,Sunil Kapoor,42,F,9348521395,"repair, distribution, site inspection","Infrastructure, Water, Shelter",17.592508,78.379407,free
EMP258,Riya Choudhary,20,F,9158483793,"evacuation, site inspection, emergency response, construction","Infrastructure, Disaster",17.471542,78.285113,free
EMP259,Kiran Sharma,23,F,9700744156,"curriculum planning, mentoring, medical","Education, Health",17.49259,78.551407,free
EMP260,Arjun Naidu,30,M,9724115601,"water testing, water supply, plumbing, disinfection, hygiene training","Water, Sanitation",17.298275,78.590163,free
EMP261,Rahul Naidu,35,M,9029900871,"patient care, water testing, logistics, distribution, plumbing","Water, Health",17.533044,78.230031,free
EMP262,Aadhya Bansal,39,M,9881029235,"emergency response, cleaning, crisis management, sanitation support","Disaster, Sanitation, Education",17.571473,78.484378,free
EMP263,Rohit Agarwal,35,F,9186376146,"shelter setup, rescue, search operations, crisis management","Shelter, Disaster",17.387096,78.497863,free
EMP264,Anika Bansal,38,M,9026738290,"material handling, repair, skill development, shelter setup, electrical","Livelihood, Infrastructure, Shelter",17.237833,78.663828,free
EMP265,Suresh Gupta,29,F,9422071148,"emergency response, crisis management, rescue, evacuation",Disaster,17.22261,78.526003,free
EMP266,Reyansh Gupta,50,M,9020297930,"site planning, cooking, curriculum planning","Shelter, Education, Food",17.26165,78.302714,free
EMP267,Vivaan Agarwal,33,F,9937886100,"logistics, student support, material handling","Education, Shelter",17.34469,78.43444,free
EMP268,Aadhya Das,37,F,9418713684,"emergency response, crisis management, rescue, maintenance","Disaster, Infrastructure",17.277316,78.458271,free
EMP269,Rahul Das,36,M,9425339719,"construction, maintenance, electrical, repair, site inspection",Infrastructure,17.546841,78.327844,free
EMP270,Kavya Iyer,31,F,9126054983,"supply chain, logistics, water supply","Food, Water",17.398094,78.634889,free
EMP271,Aarav Yadav,50,F,9440914176,"shelter setup, construction, material handling",Shelter,17.561289,78.626997,free
EMP272,Varun Iyer,47,M,9674059588,"site planning, logistics, construction, material handling, shelter setup",Shelter,17.584494,78.480224,free
EMP273,Ishaan Patel,24,M,9183662691,"plumbing, logistics, distribution",Water,17.487056,78.543164,free
EMP274,Deepak Singh,31,F,9486082635,"emergency response, shelter setup, construction, evacuation, material handling","Shelter, Disaster",17.516375,78.678064,free
EMP275,Sneha Yadav,39,M,9324413579,"water testing, plumbing, site planning, construction, water supply","Shelter, Water",17.380019,78.584511,free
EMP276,Myra Choudhary,47,F,9506995390,"plumbing, distribution, logistics, water supply",Water,17.327563,78.313307,free
EMP277,Sara Yadav,34,M,9539110206,"emergency response, crisis management, search operations, evacuation, rescue",Disaster,17.527542,78.353658,free
EMP278,Ishaan Yadav,47,F,9284544138,"logistics, construction, hygiene training, entrepreneurship","Shelter, Livelihood, Sanitation",17.40185,78.371796,free
EMP279,Sai Verma,32,M,9170722406,"waste management, disinfection, sanitation support, hygiene training, cleaning",Sanitation,17.296024,78.403556,free
EMP280,Kiran Patel,21,M,9157261304,"site inspection, construction, maintenance",Infrastructure,17.599064,78.297288,free
EMP281,Ishaan Sharma,42,F,9315339118,"disinfection, training, sanitation support, cleaning, waste management","Sanitation, Education",17.202283,78.315479,free
EMP282,Shaurya Kapoor,29,F,9377974429,"cleaning, waste management, disinfection","Education, Sanitation",17.466292,78.416178,free
EMP283,Arjun Joshi,24,F,9273514252,"disinfection, supply chain, hygiene training, construction, site inspection","Sanitation, Food, Infrastructure",17.406334,78.491878,free
EMP284,Lokesh Bansal,35,M,9399688762,"material handling, construction, student support, water supply","Education, Water, Shelter",17.488277,78.368748,free
EMP285,Harsha Reddy,32,F,9025617447,"training, student support, curriculum planning",Education,17.458473,78.208275,free
EMP286,Krishna Rao,46,F,9612145107,"site inspection, crisis management, emergency response","Disaster, Infrastructure, Shelter",17.364907,78.239766,free
EMP287,Ishaan Gupta,27,M,9895894193,"food distribution, job support, supply chain","Livelihood, Food",17.36311,78.409852,free
EMP288,Tarun Agarwal,31,M,9491033039,"cleaning, hygiene training, sanitation support, disinfection",Sanitation,17.538692,78.536456,free
EMP289,Vihaan Reddy,47,F,9655835388,"supply chain, distribution, water supply, packaging, food distribution","Food, Water",17.424301,78.323694,free
EMP290,Arjun Iyer,29,F,9722467459,"medical, triage, nursing, site inspection","Infrastructure, Health, Shelter",17.324861,78.625245,free
EMP291,Praveen Patel,45,M,9825159303,"logistics, supply chain, water testing","Water, Food",17.529343,78.562112,free
EMP292,Saanvi Iyer,29,M,9077417415,"skill development, plumbing, distribution, training, logistics","Livelihood, Water",17.292157,78.254243,free
EMP293,Varun Choudhary,42,F,9364450284,"job support, microfinance, teaching, training","Livelihood, Education",17.273757,78.62846,free
EMP294,Nikhil Patel,37,M,9357687214,"logistics, supply chain, distribution","Water, Food",17.449375,78.472244,free
EMP295,Sneha Agarwal,48,M,9144900216,"hygiene training, waste management, cleaning, sanitation support, disinfection",Sanitation,17.550674,78.299096,free
EMP296,Arjun Agarwal,21,M,9653403985,"repair, construction, training, water supply","Infrastructure, Water, Livelihood",17.201358,78.346435,free
EMP297,Sneha Kumar,32,M,9452129330,"logistics, shelter setup, nursing, distribution","Shelter, Health, Water",17.43374,78.645819,free
EMP298,Deepak Mehta,29,F,9297463932,"nursing, nutrition planning, cooking","Shelter, Food, Health",17.594163,78.509542,free
EMP299,Arjun Rao,47,M,9183089466,"nutrition planning, repair, packaging, maintenance, electrical","Food, Infrastructure",17.435463,78.327308,free
EMP300,Ananya Gupta,40,M,9814810124,"training, curriculum planning, medical, student support","Health, Education, Water",17.423424,78.607293,free
EMP301,Myra Mehta,32,F,9980496711,"medical, patient care, nursing, triage, first aid",Health,17.410487,78.646397,free
EMP302,Saanvi Patel,32,M,9992370374,"crisis management, evacuation, skill development, search operations, job support","Livelihood, Disaster",17.43726,78.550874,free
EMP303,Sneha Patel,45,F,9235948825,"nursing, plumbing, water supply","Health, Water",17.558135,78.349127,free
EMP304,Diya Rao,34,F,9167416626,"triage, nursing, first aid","Disaster, Health",17.420307,78.416399,free
EMP305,Ira Pillai,49,F,9068163445,"plumbing, water supply, logistics",Water,17.2005,78.470297,free
EMP306,Suresh Yadav,45,F,9559212875,"job support, evacuation, plumbing","Livelihood, Disaster, Water",17.458362,78.547335,free
EMP307,Shaurya Pillai,32,F,9212174432,"water supply, water testing, cleaning, packaging, food distribution","Sanitation, Food, Water",17.504781,78.403003,free
EMP308,Aarav Nair,49,M,9573094922,"evacuation, crisis management, emergency response, rescue",Disaster,17.240368,78.610236,free
EMP309,Aditya Verma,44,M,9706493076,"cooking, entrepreneurship, packaging, training","Livelihood, Food, Shelter",17.599076,78.627821,free
EMP310,Neha Kumar,31,M,9302411539,"cooking, material handling, shelter setup","Shelter, Food",17.547584,78.234659,free
EMP311,Krishna Patel,39,F,9485775137,"electrical, site inspection, skill development, search operations","Livelihood, Disaster, Infrastructure",17.389991,78.393063,free
EMP312,Myra Kumar,39,F,9297036056,"evacuation, emergency response, search operations, rescue, training","Education, Disaster",17.514691,78.554923,free
EMP313,Anika Naidu,33,F,9692348130,"waste management, emergency response, hygiene training, evacuation, crisis management","Disaster, Sanitation",17.56569,78.487414,free
EMP314,Vihaan Yadav,26,F,9019990797,"job support, entrepreneurship, microfinance, training",Livelihood,17.456584,78.242503,free
EMP315,Shaurya Reddy,50,M,9086812483,"waste management, sanitation support, hygiene training, food distribution, cooking","Sanitation, Food",17.372218,78.513263,free
EMP316,Nikhil Naidu,40,M,9507483961,"job support, crisis management, emergency response, skill development, evacuation","Disaster, Livelihood",17.531455,78.557389,free
EMP317,Krishna Kapoor,43,M,9453373847,"material handling, logistics, shelter setup, site planning, construction",Shelter,17.200852,78.379805,free
EMP318,Kavya Pillai,25,M,9697225367,"food distribution, cooking, nutrition planning, packaging, supply chain",Food,17.350137,78.291653,free
EMP319,Ishaan Das,40,M,9034138347,"waste management, hygiene training, evacuation, water testing","Sanitation, Disaster, Water",17.26544,78.666699,free
EMP320,Ishaan Agarwal,37,M,9829611401,"waste management, hygiene training, sanitation support, disinfection",Sanitation,17.411529,78.424073,free
EMP321,Aditya Yadav,37,M,9867340376,"cooking, packaging, maintenance","Shelter, Infrastructure, Food",17.426127,78.26858,free
EMP322,Amit Naidu,33,M,9777385765,"student support, training, curriculum planning",Education,17.275577,78.288779,free
EMP323,Amit Patel,37,F,9800147919,"evacuation, search operations, supply chain, rescue, distribution","Water, Disaster, Food",17.471177,78.227867,free
EMP324,Tarun Naidu,25,F,9249238033,"curriculum planning, mentoring, hygiene training, sanitation support","Disaster, Education, Sanitation",17.208022,78.218709,free
EMP325,Kiran Reddy,30,F,9810708389,"skill development, electrical, site inspection, maintenance, microfinance","Livelihood, Infrastructure",17.518362,78.273727,free
EMP326,Krishna Kumar,41,F,9600140105,"cooking, medical, nutrition planning, curriculum planning, nursing","Health, Food, Education",17.371468,78.43445,free
EMP327,Tarun Kumar,24,M,9732149825,"construction, repair, maintenance, site inspection, electrical",Infrastructure,17.436479,78.380034,free
EMP328,Riya Bansal,50,M,9041764395,"food distribution, cooking, site planning, supply chain","Food, Shelter",17.512986,78.585152,free
EMP329,Rohit Gupta,49,M,9542763382,"evacuation, job support, microfinance, training","Livelihood, Disaster, Shelter",17.262328,78.541142,free
EMP330,Vihaan Choudhary,25,M,9663881930,"water supply, distribution, plumbing, water testing",Water,17.449743,78.205733,free
EMP331,Krishna Pillai,20,M,9297405647,"sanitation support, cleaning, water testing, shelter setup, disinfection","Sanitation, Shelter, Water",17.230744,78.397498,free
EMP332,Varun Das,48,F,9415203406,"skill development, job support, entrepreneurship","Water, Disaster, Livelihood",17.57034,78.242475,free
EMP333,Ishaan Singh,24,M,9811336483,"skill development, training, job support",Livelihood,17.496819,78.2833,free
EMP334,Aarav Kapoor,21,F,9111946806,"construction, repair, electrical",Infrastructure,17.238968,78.625804,free
EMP335,Kavya Yadav,48,M,9949004056,"shelter setup, material handling, logistics, rescue, search operations","Disaster, Shelter",17.412687,78.310665,free
EMP336,Vihaan Das,43,M,9121111983,"skill development, entrepreneurship, microfinance, job support, training","Food, Livelihood",17.304415,78.503466,free
EMP337,Kiran Yadav,26,F,9385028937,"waste management, sanitation support, disinfection","Sanitation, Food, Livelihood",17.496311,78.285542,free
EMP338,Kiran Rao,39,F,9257429000,"first aid, skill development, triage","Health, Livelihood",17.530982,78.536912,free
EMP339,Rohit Singh,46,M,9507121725,"emergency response, site inspection, search operations, maintenance","Disaster, Infrastructure",17.572891,78.511984,free
EMP340,Varun Kumar,36,F,9767087978,"search operations, plumbing, distribution, crisis management","Water, Disaster",17.202435,78.319192,free
EMP341,Divya Naidu,21,F,9406641625,"packaging, evacuation, logistics, search operations, supply chain","Food, Water, Disaster",17.538652,78.588815,free
EMP342,Sunil Pillai,39,M,9302296426,"maintenance, hygiene training, waste management, sanitation support, site inspection","Infrastructure, Sanitation",17.32641,78.424346,free
EMP343,Reyansh Sharma,44,F,9575884829,"medical, patient care, student support, training, curriculum planning","Education, Shelter, Health",17.200124,78.241526,free
EMP344,Reyansh Reddy,44,M,9960446938,"entrepreneurship, skill development, patient care, first aid","Health, Livelihood",17.414434,78.249838,free
EMP345,Suresh Agarwal,38,M,9951007239,"search operations, cleaning, waste management","Disaster, Sanitation",17.507644,78.467789,free
EMP346,Sara Agarwal,45,F,9081339204,"supply chain, food distribution, packaging, nutrition planning",Food,17.424502,78.686076,free
EMP347,Meena Naidu,28,M,9614073518,"water testing, nutrition planning, distribution, water supply","Water, Food",17.326949,78.586927,free
EMP348,Vikram Das,32,M,9234986046,"water supply, distribution, plumbing",Water,17.386353,78.521044,free
EMP349,Myra Iyer,37,M,9099690171,"microfinance, packaging, training","Livelihood, Health, Food",17.496297,78.400331,free
EMP350,Suresh Mehta,43,F,9487708222,"sanitation support, waste management, distribution","Sanitation, Water",17.214305,78.607568,free
EMP351,Sara Nair,50,F,9808890404,"student support, training, mentoring, skill development","Water, Education, Livelihood",17.352052,78.573102,free
EMP352,Sai Pillai,32,M,9592014073,"training, mentoring, evacuation","Disaster, Education",17.425469,78.283566,free
EMP353,Saanvi Rao,36,M,9533451170,"plumbing, logistics, waste management, disinfection, water testing","Sanitation, Water",17.352783,78.635584,free
EMP354,Ira Sharma,34,M,9452237327,"microfinance, waste management, hygiene training, job support","Disaster, Livelihood, Sanitation",17.286758,78.466973,free
EMP355,Krishna Choudhary,43,M,9808158170,"crisis management, cooking, evacuation, entrepreneurship","Disaster, Food, Livelihood",17.552964,78.68732,free
EMP356,Vihaan Bansal,38,M,9959591860,"shelter setup, material handling, logistics, site planning",Shelter,17.313203,78.270073,free
EMP357,Kavya Kumar,49,F,9252614249,"entrepreneurship, disinfection, training","Sanitation, Infrastructure, Livelihood",17.444713,78.695797,free
EMP358,Kavya Sharma,26,F,9354436430,"cooking, construction, logistics","Shelter, Food",17.34397,78.35861,free
EMP359,Sneha Joshi,36,M,9734984282,"training, cleaning, skill development, food distribution","Food, Sanitation, Livelihood",17.236035,78.358049,free
EMP360,Shaurya Bansal,34,F,9889760570,"student support, mentoring, teaching, training",Education,17.233393,78.370032,free
EMP361,Lokesh Iyer,43,M,9425785331,"disinfection, emergency response, evacuation","Sanitation, Disaster",17.228581,78.55539,free
EMP362,Rohit Mehta,47,M,9059704797,"student support, teaching, curriculum planning",Education,17.347692,78.364076,free
EMP363,Sara Das,31,F,9530445972,"search operations, rescue, crisis management",Disaster,17.570851,78.243701,free
EMP364,Priya Naidu,43,F,9934259858,"logistics, entrepreneurship, construction, medical, shelter setup","Shelter, Health, Livelihood",17.208597,78.32343,free
EMP365,Praveen Reddy,32,M,9688845601,"skill development, repair, microfinance","Infrastructure, Livelihood, Disaster",17.248665,78.288185,free
EMP366,Nikhil Das,26,M,9685169048,"evacuation, electrical, curriculum planning","Infrastructure, Education, Disaster",17.398477,78.449976,free
EMP367,Kavya Gupta,44,M,9412448104,"material handling, rescue, construction","Disaster, Shelter",17.425686,78.508747,free
EMP368,Myra Reddy,25,M,9328943450,"material handling, site planning, construction, logistics",Shelter,17.460753,78.592391,free
EMP369,Diya Pillai,22,M,9191225437,"sanitation support, disinfection, hygiene training",Sanitation,17.523382,78.263841,free
EMP370,Divya Iyer,34,F,9612833350,"packaging, microfinance, training, job support, rescue","Food, Disaster, Livelihood",17.245088,78.681463,free
EMP371,Vikram Choudhary,37,M,9326864202,"supply chain, mentoring, nutrition planning","Food, Education",17.213314,78.481386,free
EMP372,Kavya Reddy,40,F,9774892989,"packaging, supply chain, logistics, distribution","Water, Food",17.557227,78.64246,free
EMP373,Ishaan Rao,26,F,9280970387,"nursing, skill development, material handling, first aid, shelter setup","Livelihood, Shelter, Health",17.38584,78.518745,free
EMP374,Vihaan Pillai,44,F,9865104416,"training, curriculum planning, search operations, rescue, cleaning","Sanitation, Education, Disaster",17.432957,78.544989,free
EMP375,Ananya Mehta,39,F,9508198008,"water testing, supply chain, plumbing","Water, Food",17.390189,78.31383,free
EMP376,Vivaan Singh,23,M,9435464713,"construction, repair, maintenance, site inspection",Infrastructure,17.497443,78.297565,free
EMP377,Pooja Verma,32,M,9247589968,"training, mentoring, curriculum planning",Education,17.312744,78.597456,free
EMP378,Meena Yadav,30,M,9928608576,"curriculum planning, teaching, student support","Disaster, Food, Education",17.209263,78.500175,free
EMP379,Riya Rao,23,F,9564917277,"cooking, supply chain, maintenance, plumbing","Water, Infrastructure, Food",17.281402,78.526472,free
EMP380,Vihaan Mehta,36,M,9233630734,"supply chain, disinfection, nutrition planning, waste management","Food, Sanitation, Shelter",17.352951,78.474587,free
EMP381,Priya Nair,38,F,9286578385,"material handling, logistics, construction, site planning, shelter setup",Shelter,17.576079,78.574581,free
EMP382,Saanvi Nair,38,M,9548578045,"site planning, shelter setup, material handling",Shelter,17.58256,78.317309,free
EMP383,Sunil Nair,36,F,9178789090,"job support, logistics, entrepreneurship","Shelter, Livelihood",17.505382,78.262746,free
EMP384,Aadhya Sharma,22,F,9462229615,"cooking, packaging, nutrition planning, food distribution, supply chain",Food,17.55604,78.210469,free
EMP385,Divya Patel,41,F,9403389297,"teaching, waste management, disinfection, curriculum planning","Sanitation, Education",17.321801,78.324852,free
EMP386,Rohit Naidu,24,M,9987404592,"medical, first aid, distribution","Health, Water, Livelihood",17.230083,78.505949,free
EMP387,Aarav Reddy,34,M,9268735136,"student support, mentoring, training, teaching, curriculum planning",Education,17.324899,78.658135,free
EMP388,Amit Bansal,38,F,9624368348,"patient care, first aid, triage, nursing, medical",Health,17.218532,78.232738,free
EMP389,Myra Pillai,50,M,9161039385,"search operations, evacuation, emergency response, rescue, crisis management",Disaster,17.525571,78.629479,free
EMP390,Krishna Nair,39,M,9095852239,"shelter setup, disinfection, teaching, material handling","Education, Shelter, Sanitation",17.223357,78.586987,free
EMP391,Ira Yadav,43,F,9987353095,"emergency response, crisis management, water testing, plumbing","Disaster, Water",17.216289,78.611423,free
EMP392,Praveen Agarwal,41,F,9183068956,"food distribution, logistics, site planning, repair, cooking","Infrastructure, Food, Shelter",17.404229,78.365313,free
EMP393,Divya Pillai,49,F,9886132684,"training, job support, skill development, microfinance",Livelihood,17.506723,78.521302,free
EMP394,Myra Agarwal,40,M,9987683566,"packaging, food distribution, teaching, nutrition planning","Education, Food, Livelihood",17.336875,78.690722,free
EMP395,Pooja Bansal,32,F,9900428302,"repair, cooking, evacuation, emergency response, search operations","Food, Disaster, Infrastructure",17.204886,78.425861,free
EMP396,Rohit Bansal,41,F,9775923413,"cooking, nutrition planning, food distribution",Food,17.58501,78.45761,free
EMP397,Anika Patel,38,M,9953411865,"teaching, water supply, triage","Health, Education, Water",17.431214,78.588482,free
EMP398,Harsha Naidu,36,F,9701289413,"water supply, plumbing, water testing, distribution, logistics",Water,17.422359,78.530295,free
EMP399,Rahul Mehta,34,M,9835670847,"cooking, nutrition planning, food distribution, packaging, supply chain",Food,17.58625,78.571087,free
EMP400,Saanvi Choudhary,43,M,9199205442,"emergency response, rescue, search operations, evacuation, crisis management",Disaster,17.55235,78.503584,free
EMP401,Krishna Joshi,47,F,9630541367,"material handling, site planning, entrepreneurship","Shelter, Livelihood, Water",17.458722,78.365373,free
EMP402,Ira Patel,32,M,9200953400,"plumbing, distribution, water supply, logistics",Water,17.479072,78.236194,free
EMP403,Aditya Bansal,49,M,9988176943,"training, mentoring, student support","Water, Education, Infrastructure",17.350557,78.574247,free
EMP404,Ishaan Kapoor,35,M,9335992232,"student support, supply chain, cooking, training, teaching","Food, Education",17.225865,78.629734,free
EMP405,Kavya Patel,24,M,9599873851,"packaging, microfinance, triage, medical, first aid","Health, Livelihood, Food",17.283485,78.365697,free
EMP406,Shaurya Choudhary,36,M,9173006856,"entrepreneurship, skill development, job support","Shelter, Livelihood",17.290889,78.631295,free
EMP407,Suresh Choudhary,48,F,9691528708,"logistics, nursing, triage, medical","Food, Health, Shelter",17.282326,78.409662,free
EMP408,Sunil Reddy,29,F,9680623054,"cooking, maintenance, nutrition planning, water supply","Food, Water, Infrastructure",17.453613,78.286742,free
EMP409,Pooja Yadav,28,M,9517236429,"logistics, water supply, plumbing","Water, Food",17.355292,78.416231,free
EMP410,Harsha Kumar,26,F,9572823959,"logistics, shelter setup, repair, site planning","Shelter, Infrastructure",17.287056,78.568184,free
EMP411,Ananya Patel,24,F,9515917313,"nursing, plumbing, distribution","Water, Livelihood, Health",17.356205,78.452965,free
EMP412,Ananya Choudhary,26,M,9554089259,"disinfection, skill development, logistics","Sanitation, Livelihood, Shelter",17.51775,78.536079,free
EMP413,Vikram Rao,45,M,9645189083,"maintenance, triage, medical, construction, nursing","Health, Sanitation, Infrastructure",17.473435,78.218003,free
EMP414,Kiran Das,50,M,9238689292,"teaching, curriculum planning, training","Food, Sanitation, Education",17.471674,78.52201,free
EMP415,Amit Nair,49,F,9728326630,"rescue, crisis management, search operations, evacuation",Disaster,17.241522,78.433705,free
EMP416,Ira Choudhary,38,F,9527616852,"supply chain, cooking, packaging",Food,17.341814,78.313245,free
EMP417,Kiran Mehta,38,F,9810901060,"curriculum planning, training, mentoring, teaching",Education,17.582421,78.294593,free
EMP418,Praveen Nair,43,M,9427658324,"repair, construction, patient care","Infrastructure, Health",17.457627,78.336771,free
EMP419,Nikhil Verma,46,M,9264260023,"site planning, entrepreneurship, nursing","Livelihood, Health, Shelter",17.509967,78.508341,free
EMP420,Nikhil Yadav,32,M,9240278344,"cooking, shelter setup, nutrition planning","Shelter, Food, Water",17.297667,78.444985,free
EMP421,Divya Reddy,32,M,9972053468,"water supply, construction, water testing, site planning, plumbing","Shelter, Water",17.295976,78.532344,free
EMP422,Pooja Iyer,42,F,9806001209,"first aid, patient care, nursing",Health,17.29713,78.436516,free
EMP423,Rohit Reddy,23,F,9747016993,"nursing, medical, triage, first aid, patient care",Health,17.544177,78.595366,free
EMP424,Kavya Das,42,M,9376794568,"electrical, construction, teaching, repair","Education, Sanitation, Infrastructure",17.24669,78.363194,free
EMP425,Ira Rao,29,M,9716928408,"first aid, medical, patient care",Health,17.411801,78.247583,free
EMP426,Divya Verma,36,F,9034164660,"first aid, patient care, nursing, medical, triage",Health,17.568263,78.243353,free
EMP427,Kavya Nair,21,F,9004529549,"crisis management, rescue, search operations, emergency response, evacuation",Disaster,17.389108,78.432468,free
EMP428,Nikhil Choudhary,27,F,9668267285,"job support, training, entrepreneurship",Livelihood,17.287382,78.590749,free
EMP429,Divya Sharma,33,M,9971660041,"crisis management, electrical, site inspection, maintenance","Health, Disaster, Infrastructure",17.516471,78.660292,free
EMP430,Deepak Bansal,21,M,9215702470,"search operations, evacuation, crisis management",Disaster,17.561628,78.565022,free
EMP431,Aarav Patel,37,M,9566544831,"logistics, site planning, construction",Shelter,17.358112,78.42673,free
EMP432,Varun Agarwal,28,F,9240353592,"microfinance, skill development, logistics","Education, Livelihood, Water",17.396457,78.309212,free
EMP433,Deepak Choudhary,35,M,9402092547,"microfinance, entrepreneurship, job support","Livelihood, Disaster",17.202934,78.571597,free
EMP434,Divya Gupta,21,M,9780497297,"site planning, construction, shelter setup",Shelter,17.588673,78.236397,free
EMP435,Nikhil Mehta,48,F,9178369262,"plumbing, maintenance, teaching, water supply","Water, Infrastructure, Education",17.270106,78.688191,free
EMP436,Tarun Kapoor,23,F,9469467965,"repair, site planning, logistics","Disaster, Shelter, Infrastructure",17.411737,78.355943,free
EMP437,Ishaan Iyer,40,M,9308163716,"site planning, student support, training","Shelter, Education",17.520764,78.559649,free
EMP438,Praveen Bansal,47,M,9521170994,"student support, shelter setup, logistics, construction","Shelter, Education",17.510901,78.531607,free
EMP439,Praveen Joshi,40,M,9399780782,"mentoring, patient care, training","Water, Education, Health",17.389634,78.475802,free
EMP440,Ira Mehta,47,M,9066184618,"nutrition planning, supply chain, cooking","Food, Sanitation",17.494724,78.439403,free
EMP441,Sunil Das,43,F,9833296124,"hygiene training, student support, curriculum planning","Sanitation, Education, Shelter",17.421455,78.242211,free
EMP442,Meena Choudhary,38,F,9361121075,"skill development, job support, microfinance, training, entrepreneurship",Livelihood,17.241174,78.239882,free
EMP443,Neha Rao,37,M,9740723389,"microfinance, maintenance, job support","Livelihood, Infrastructure, Disaster",17.507629,78.446171,free
EMP444,Aadhya Singh,20,M,9854025041,"electrical, training, repair, maintenance","Infrastructure, Livelihood",17.584099,78.572658,free
EMP445,Neha Agarwal,49,M,9791321745,"site inspection, construction, repair","Infrastructure, Shelter",17.508119,78.575304,free
EMP446,Ananya Sharma,44,F,9679945821,"hygiene training, site planning, construction, shelter setup, material handling","Health, Sanitation, Shelter",17.256158,78.671932,free
EMP447,Ishaan Pillai,35,M,9680624685,"teaching, electrical, student support, mentoring, training","Infrastructure, Education",17.292748,78.278338,free
EMP448,Saanvi Kapoor,27,M,9750432619,"curriculum planning, repair, construction, mentoring, site inspection","Education, Infrastructure",17.598846,78.302934,free
EMP449,Vivaan Das,37,F,9246028818,"microfinance, training, entrepreneurship",Livelihood,17.286551,78.572685,free
EMP450,Aarav Kumar,21,F,9085257888,"plumbing, search operations, distribution, emergency response","Water, Disaster",17.314804,78.525072,free
EMP451,Harsha Joshi,45,M,9184362949,"cooking, nutrition planning, packaging, supply chain",Food,17.49822,78.268131,free
EMP452,Rahul Singh,47,M,9366453421,"logistics, first aid, water supply, distribution, packaging","Water, Food, Health",17.383852,78.598579,free
EMP453,Sai Singh,43,M,9926964750,"evacuation, cooking, crisis management","Food, Disaster",17.41352,78.473659,free
EMP454,Arjun Mehta,28,M,9035675290,"mentoring, electrical, site inspection, teaching, triage","Education, Health, Infrastructure",17.399671,78.653018,free
EMP455,Vikram Kapoor,37,M,9900295375,"curriculum planning, teaching, training",Education,17.514762,78.576356,free
EMP456,Rahul Reddy,28,M,9113346600,"search operations, crisis management, evacuation, rescue, emergency response",Disaster,17.589027,78.247227,free
EMP457,Kavya Kapoor,32,M,9366133760,"maintenance, teaching, plumbing, site inspection","Water, Infrastructure, Education",17.445526,78.59793,free
EMP458,Praveen Gupta,26,F,9791559054,"search operations, emergency response, cooking","Food, Disaster, Health",17.546353,78.205404,free
EMP459,Rohit Rao,50,M,9478571609,"entrepreneurship, job support, material handling, site planning","Livelihood, Shelter",17.558128,78.35862,free
EMP460,Saanvi Mehta,27,M,9597728543,"site planning, food distribution, logistics, cooking, nutrition planning","Food, Shelter",17.280586,78.662555,free
EMP461,Shaurya Rao,44,M,9101041908,"site inspection, microfinance, electrical","Infrastructure, Livelihood, Water",17.399913,78.343065,free
EMP462,Aarav Singh,32,F,9890820023,"electrical, repair, construction, maintenance",Infrastructure,17.284612,78.44614,free
EMP463,Vihaan Sharma,22,F,9935813645,"construction, waste management, electrical, site inspection, disinfection","Sanitation, Infrastructure",17.300835,78.573154,free
EMP464,Pooja Sharma,50,M,9675928999,"search operations, teaching, crisis management","Education, Disaster",17.48122,78.617691,free
EMP465,Reyansh Kumar,40,F,9016220917,"food distribution, maintenance, nutrition planning, construction","Food, Infrastructure",17.444069,78.634908,free
EMP466,Ananya Kumar,45,M,9117977747,"supply chain, distribution, nutrition planning, shelter setup, construction","Food, Shelter, Water",17.247189,78.501076,free
EMP467,Reyansh Nair,34,F,9357600333,"packaging, nutrition planning, food distribution, maintenance","Food, Infrastructure",17.265226,78.485742,free
EMP468,Aditya Sharma,50,M,9765649056,"distribution, water supply, site inspection, entrepreneurship, skill development","Infrastructure, Livelihood, Water",17.233271,78.300517,free
EMP469,Divya Nair,49,M,9087320505,"search operations, crisis management, teaching","Education, Water, Disaster",17.57527,78.563721,free
EMP470,Meena Patel,37,M,9360568495,"plumbing, curriculum planning, distribution, mentoring, logistics","Education, Water",17.51782,78.541814,free
EMP471,Rahul Patel,36,F,9159988338,"student support, teaching, mentoring",Education,17.364927,78.537698,free
EMP472,Ananya Verma,29,F,9652387009,"distribution, first aid, nutrition planning, supply chain, triage","Water, Health, Food",17.255548,78.458119,free
EMP473,Praveen Choudhary,33,M,9736016194,"nursing, patient care, triage",Health,17.350117,78.565876,free
EMP474,Saanvi Joshi,31,F,9805720696,"plumbing, water testing, curriculum planning, logistics, student support","Education, Water",17.336996,78.692365,free
EMP475,Arjun Verma,43,F,9609568789,"plumbing, logistics, water testing, water supply, distribution",Water,17.295914,78.486948,free
EMP476,Sai Sharma,33,F,9038608029,"electrical, repair, site inspection, construction",Infrastructure,17.557525,78.503839,free
EMP477,Sunil Mehta,41,F,9399515306,"skill development, training, site planning, shelter setup, job support","Shelter, Livelihood",17.384983,78.369961,free
EMP478,Vivaan Patel,21,F,9207278721,"emergency response, search operations, cleaning, sanitation support, rescue","Disaster, Sanitation",17.332269,78.317059,free
EMP479,Vivaan Rao,27,F,9153468327,"training, first aid, patient care","Health, Water, Livelihood",17.28306,78.291876,free
EMP480,Suresh Rao,49,M,9335902876,"maintenance, cleaning, hygiene training","Shelter, Infrastructure, Sanitation",17.469231,78.693243,free
EMP481,Priya Kumar,48,M,9607234748,"food distribution, shelter setup, material handling","Food, Shelter",17.304551,78.433896,free
EMP482,Ishaan Bansal,41,M,9021261538,"skill development, construction, training, electrical, site planning","Shelter, Infrastructure, Livelihood",17.341,78.293247,free
EMP483,Harsha Sharma,48,F,9190847609,"emergency response, logistics, search operations, rescue","Shelter, Disaster",17.386923,78.235069,free
EMP484,Ishaan Reddy,47,F,9529608789,"sanitation support, mentoring, hygiene training","Sanitation, Education",17.261734,78.633791,free
EMP485,Vikram Kumar,26,F,9325798358,"search operations, maintenance, evacuation","Water, Infrastructure, Disaster",17.511519,78.248892,free
EMP486,Sai Bansal,32,F,9144598173,"plumbing, water testing, water supply, distribution, logistics",Water,17.492529,78.66634,free
EMP487,Riya Patel,45,M,9380617249,"evacuation, rescue, crisis management, waste management","Sanitation, Disaster",17.288477,78.30169,free
EMP488,Arjun Pillai,40,F,9669603075,"cooking, evacuation, nutrition planning, food distribution, skill development","Disaster, Livelihood, Food",17.349468,78.270477,free
EMP489,Diya Iyer,20,F,9738171121,"microfinance, construction, training, job support","Livelihood, Shelter",17.221405,78.225851,free
EMP490,Kiran Gupta,26,M,9142342266,"disinfection, sanitation support, cleaning",Sanitation,17.355615,78.328339,free
EMP491,Reyansh Pillai,20,F,9080161234,"student support, teaching, mentoring",Education,17.383365,78.240958,free
EMP492,Aadhya Choudhary,27,F,9795993747,"water testing, logistics, distribution, water supply",Water,17.292463,78.383498,free
EMP493,Saanvi Yadav,46,F,9778320343,"water testing, distribution, logistics, crisis management, water supply","Water, Disaster",17.358717,78.277507,free
EMP494,Neha Yadav,42,M,9641027443,"construction, electrical, site inspection, maintenance","Infrastructure, Livelihood, Education",17.350316,78.514696,free
EMP495,Anika Joshi,36,F,9782296446,"first aid, triage, nursing, repair, medical","Infrastructure, Health",17.367356,78.277751,free
EMP496,Varun Reddy,45,M,9707297449,"maintenance, cooking, repair, food distribution","Infrastructure, Food",17.303248,78.679584,free
EMP497,Kiran Kapoor,25,F,9459039838,"maintenance, construction, electrical","Health, Infrastructure",17.414464,78.633386,free
EMP498,Reyansh Kapoor,39,F,9809219306,"student support, training, logistics, water supply","Water, Education",17.403,78.584031,free
EMP499,Neha Choudhary,29,F,9502792422,"nutrition planning, shelter setup, site planning, first aid, supply chain","Shelter, Food, Health",17.302734,78.213815,free
EMP500,Pooja Mehta,27,F,9896028585,"cooking, repair, site inspection, nutrition planning, packaging","Infrastructure, Food",17.566694,78.454906,free
